{
    "Endothelial": {
        "precision": 0.9966709511568124,
        "recall": 0.9963763925831695,
        "f1-score": 0.9965236501031338,
        "support": 77823.0
    },
    "Epithelial": {
        "precision": 0.9991341785561494,
        "recall": 0.9994022530982648,
        "f1-score": 0.9992681978480602,
        "support": 294439.0
    },
    "Immune/Fluid": {
        "precision": 0.9986024060779943,
        "recall": 0.9979449821262667,
        "f1-score": 0.9982735858637148,
        "support": 162529.0
    },
    "Mesenchymal": {
        "precision": 0.9985885904260744,
        "recall": 0.9987963801643451,
        "f1-score": 0.9986924744869339,
        "support": 245094.0
    },
    "accuracy": 0.9986062047609583,
    "macro avg": {
        "precision": 0.9982490315542577,
        "recall": 0.9981300019930115,
        "f1-score": 0.9981894770754607,
        "support": 779885.0
    },
    "weighted avg": {
        "precision": 0.9986060948359172,
        "recall": 0.9986062047609583,
        "f1-score": 0.9986061148847657,
        "support": 779885.0
    }
}